usa,china
0,1
0,1
1,1
1,2
1,2
1,2
1,2
1,2
1,3
1,3
1,3
2,3
3,3
3,3
3,3
4,3
4,3
4,3
4,4
4,4
4,4
4,5
4,5
4,5
4,5
4,5
4,5
4,5
4,5
4,5
4,5
4,5
4,5
4,5
4,5
5,5
5,5
5,5
5,5
5,5
5,6
5,7
5,7
5,7
5,7
5,7
5,7
5,7
5,7
5,7
5,7
5,7
5,7
5,7
5,7
5,7
5,7
5,7
5,8
5,8
5,8
5,8
5,8
6,8
6,8
6,8
7,8
7,9
7,9
7,9
7,9
8,9
8,9
8,9
8,10
8,11
8,11
8,11
8,11
8,11
8,11
8,11
9,11
9,11
9,11
10,11
11,11
11,11
11,11
11,11
11,11
11,12
11,13
11,13
11,14
11,14
11,14
11,14
11,14
11,14
11,14
11,14
11,14
12,14
12,14
12,15
12,15
13,15
13,15
13,15
13,15
13,16
14,16
14,16
14,16
14,16
14,16
14,17
14,17
14,17
15,17
15,17
15,17
15,17
15,17
15,17
15,17
15,17
15,18
16,18
17,18
17,18
18,18
18,18
18,18
18,18
18,18
18,18
18,18
18,18
18,18
18,18
19,18
19,18
20,18
20,18
21,18
21,18
21,18
21,18
21,18
21,18
21,18
21,18
22,18
22,18
22,18
23,18
23,18
23,18
23,18
23,18
23,18
23,18
23,18
23,18
23,19
23,19
23,19
23,19
23,19
23,19
23,20
23,20
23,20
23,20
24,20
25,20
25,20
25,20
26,20
26,21
26,21
26,21
26,21
26,21
26,21
26,21
26,21
27,21
27,22
27,22
27,22
27,22
27,22
27,22
27,22
27,22
27,23
27,23
27,23
28,23
28,23
28,23
28,23
29,23
29,23
29,23
29,23
29,23
29,23
29,24
30,24
30,24
30,24
30,25
31,25
31,25
32,25
32,25
33,25
34,25
34,25
34,25
34,25
34,25
34,25
34,25
34,25
34,25
34,25
34,25
35,25
36,25
36,25
36,25
36,25
37,25
37,25
37,25
37,25
37,25
37,26
37,26
37,26
37,26
37,26
37,26
37,27
37,27
37,27
37,27
37,27
37,27
37,27
37,27
37,27
37,27
37,28
37,28
37,28
37,29
37,29
37,29
37,29
37,29
37,29
37,29
38,29
38,29
38,29
38,29
38,29
39,29
39,29
39,30
39,30
39,31
39,32
39,32
39,32
40,32
40,32
40,32
40,32
41,32
41,32
41,32
41,32
41,33
41,33
41,33
41,33
41,33
41,33
41,33
41,33
41,34
41,34
42,34
42,34
42,34
42,35
42,35
42,36
42,36
42,36
42,36
43,36
43,36
43,37
43,38
44,38
44,38
44,38
44,38
45,38
45,39
45,39
45,39
45,39
45,39
45,40
45,40
45,40
45,40
45,40
46,40
46,40
46,40
46,40
46,40
47,40
47,40
47,40
47,41
47,41
47,41
47,41
47,41
47,41
47,41
47,41
47,41
47,41
47,41
47,41
47,41
47,41
47,41
47,41
47,41
48,41
48,41
48,41
48,41
48,42
49,42
49,42
49,42
49,42
49,42
50,42
50,42
50,43
50,43
50,43
50,43
50,43
50,44
51,44
51,45
51,45
52,45
52,45
52,45
52,45
52,45
52,45
52,45
52,45
52,45
52,45
52,45
52,45
52,45
52,45
52,45
52,45
52,45
52,45
52,45
52,45
52,45
52,45
52,45
52,45
52,45
52,45
52,45
52,45
52,45
52,45
52,45
53,45
53,45
53,46
53,46
53,46
53,46
54,46
54,46
54,46
55,46
55,46
55,46
55,46
55,46
55,46
55,46
55,46
55,46
55,47
56,47
56,47
56,47
56,47
56,47
56,48
56,48
56,48
56,48
56,48
56,48
56,48
56,48
56,48
56,48
56,48
56,48
56,48
56,48
56,48
56,48
56,48
56,49
57,49
57,49
57,49
57,49
57,49
58,49
58,49
58,49
58,49
58,49
58,50
59,50
60,50
60,51
60,51
60,51
60,51
60,52
60,52
60,52
60,52
60,52
60,52
61,52
61,52
61,52
62,52
62,52
63,52
63,52
63,52
63,52
63,53
63,53
63,53
63,53
63,53
63,53
63,53
63,54
63,54
63,54
63,54
63,54
63,54
63,54
63,54
63,54
63,54
63,54
63,54
64,54
64,55
65,55
65,55
66,55
66,56
66,56
67,56
67,56
68,56
68,56
68,56
68,56
69,56
70,56
70,56
70,56
70,56
70,56
70,56
70,56
70,56
70,56
70,56
70,56
70,56
70,56
70,56
70,56
70,56
70,56
70,56
70,56
70,56
70,56
70,56
70,56
71,56
71,57
71,57
71,57
71,57
71,57
71,57
71,57
71,58
71,58
71,58
71,58
71,58
72,58
72,58
73,58
73,58
73,58
73,58
73,58
73,58
73,58
73,58
73,58
74,58
74,58
74,58
74,59
74,59
74,60
74,60
75,60
75,60
75,60
75,60
76,60
76,60
76,60
77,60
77,60
77,60
77,60
77,60
78,60
78,60
78,60
79,60
80,60
81,60
81,60
81,60
82,60
83,60
84,60
85,60
85,60
85,60
85,60
86,60
86,60
86,60
86,60
86,60
86,60
87,60
87,61
87,61
87,62
87,62
87,62
87,62
87,62
87,62
87,63
88,63
88,63
89,63
89,63
89,63
89,63
89,63
89,63
89,63
89,64
89,64
89,64
89,64
89,64
89,64
89,64
89,64
89,65
89,65
90,65
90,65
90,65
91,65
91,65
91,65
91,65
91,65
91,65
91,65
91,65
91,65
91,65
91,65
91,65
91,65
91,65
91,65
91,65
91,66
91,66
92,66
92,66
92,66
92,66
93,66
93,66
93,67
93,67
93,67
93,67
93,67
94,67
94,68
94,69
94,70
94,71
94,71
94,71
94,71
94,72
94,72
94,72
94,72
94,72
94,72
94,72
94,72
94,73
94,73
94,73
94,73
94,73
94,73
94,73
94,73
94,74
94,74
94,74
95,74
95,74
95,74
95,74
96,74
96,74
96,74
96,74
97,74
97,74
97,75
97,75
97,75
97,76
98,76
98,76
98,76
98,76
99,76
99,76
99,76
99,76
100,76
100,76
100,77
100,77
101,77
101,77
101,77
101,77
102,77
103,77
103,78
103,79
103,79
103,79
103,79
103,79
103,79
103,79
104,79
104,79
105,79
105,80
106,80
106,80
106,80
107,80
107,80
107,80
107,80
107,80
107,81
107,81
107,81
107,81
107,81
107,81
107,81
107,81
107,81
107,81
107,82
107,82
107,82
107,83
107,83
107,83
107,83
107,84
107,85
107,85
107,85
107,85
108,85
109,85
109,85
109,85
110,85
110,85
110,85
110,85
110,85
111,85
111,85
111,85
111,85
111,85
111,85
111,85
111,85
111,85
111,85
111,85
112,85
112,85
112,85
112,86
112,86
112,87
112,87
112,87
112,87
112,88
112,88
112,88
112,88
112,88
112,88
112,89
112,89
112,89
112,89
112,90
112,90
112,90
112,91
112,91
112,92
112,93
112,93
112,93
112,94
112,94
112,94
113,94
113,94
114,94
114,94
114,94
114,94
114,95
114,95
114,95
114,95
114,95
114,96
114,96
114,96
114,96
114,96
115,96
115,96
115,96
115,96
115,96
116,96
117,96
117,96
117,96
117,97
117,97
117,97
117,97
117,97
117,97
117,97
117,97
117,97
117,97
117,97
117,97
117,97
118,97
118,97
118,97
118,97
119,97
120,97
120,97
121,97
121,97
121,97
121,97
121,97
121,97
121,97
121,97
121,97
121,97
121,97
121,97
121,97
121,97
121,97
121,97
121,97
121,97
121,97
121,97
121,97
121,97
121,97
121,98
121,98
121,99
121,100
122,100
123,100
123,100
123,100
123,100
124,100
124,101
124,101
124,101
124,101
124,101
124,101
124,101
125,101
125,102
125,102
125,102
125,102
125,102
125,103
125,103
125,103
126,103
127,103
127,103
127,103
128,103
128,104
128,105
128,105
128,105
128,105
128,105
128,105
128,105
129,105
129,105
129,105
129,105
130,105
130,106
130,107
130,107
131,107
131,107
131,107
131,107
131,107
131,107
132,107
132,107
132,107
132,107
132,107
132,107
132,107
132,107
132,107
133,107
133,107
134,107
134,107
134,107
134,107
134,107
134,107
134,107
134,107
134,108
134,108
134,108
134,108
134,108
134,109
134,109
134,109
134,109
134,109
135,109
136,109
136,109
137,109
138,109
138,109
138,109
138,109
138,109
138,109
138,109
138,109
138,109
138,109
138,109
138,109
139,109
139,109
139,110
140,110
141,110
141,111
141,112
141,112
141,112
141,112
141,112
142,112
142,112
142,112
142,113
142,113
142,114
142,114
142,114
143,114
144,114
144,114
145,114
145,114
145,114
145,114
145,114
145,114
145,114
146,114
146,114
146,114
146,114
147,114
147,114
148,114
148,114
148,114
148,115
148,115
148,115
148,115
148,115
148,116
148,116
149,116
150,116
150,116
151,116
151,116
151,116
151,116
151,116
151,116
151,116
151,116
151,116
151,116
151,116
152,116
153,116
154,116
154,116
154,117
154,117
154,117
154,117
154,117
154,117
154,118
154,118
154,118
155,118
155,118
155,118
155,118
155,118
155,118
155,118
155,118
155,118
155,118
155,118
155,118
155,118
155,118
155,118
155,118
156,118
156,118
156,118
156,119
156,119
156,120
156,120
156,121
157,121
157,121
157,122
157,122
157,122
157,122
157,122
158,122
158,122
158,122
158,122
159,122
159,122
159,122
159,122
159,122
159,123
160,123
160,123
160,123
160,123
160,123
160,123
160,123
160,124
160,124
160,125
160,125
160,125
161,125
162,125
162,125
162,125
162,125
163,125
164,125
164,125
164,125
164,125
164,125
164,126
164,126
164,126
164,126
164,126
164,126
164,126
164,126
164,126
164,126
164,126
164,126
165,126
165,126
166,126
166,126
166,126
167,126
167,126
168,126
168,126
168,126
168,127
168,127
168,127
168,128
168,128
168,128
169,128
169,128
170,128
170,128
170,128
170,129
170,129
171,129
171,129
172,129
172,129
172,130
172,130
172,130
173,130
173,131
173,131
174,131
174,132
174,132
174,132
175,132
175,132
175,132
175,132
176,132
176,133
176,133
176,133
176,133
176,133
176,133
176,133
176,133
176,133
176,133
176,133
176,134
176,134
177,134
177,134
177,135
177,135
177,135
177,135
177,135
177,135
177,135
177,135
177,135
177,136
177,136
177,136
177,136
177,136
177,136
177,136
177,136
177,136
177,136
177,136
177,136
177,136
177,136
177,136
177,136
177,136
177,136
177,136
177,136
177,136
177,136
177,136
177,136
177,136
177,136
177,136
177,136
177,137
177,137
178,137
178,137
178,137
178,137
178,137
179,137
179,137
179,137
180,137
180,137
180,137
180,137
180,137
180,137
180,137
180,137
180,137
180,137
180,137
180,137
180,137
180,137
180,138
180,138
180,138
180,138
180,138
180,138
180,138
180,138
180,138
180,138
181,138
181,138
181,138
181,138
181,139
181,139
181,139
181,139
182,139
182,140
182,140
182,140
182,140
182,140
183,140
183,140
183,141
183,141
183,141
183,141
184,141
185,141
186,141
186,141
186,141
186,141
186,141
186,141
186,141
186,142
187,142
187,142
187,142
187,142
187,142
187,142
187,142
187,142
187,142
187,142
187,142
188,142
188,142
188,142
188,142
189,142
189,142
189,142
189,142
189,142
190,142
190,142
190,142
190,142
190,143
190,143
190,143
190,143
190,143
190,143
191,143
191,143
191,143
192,143
192,143
192,143
192,143
192,143
192,143
192,144
192,144
193,144
193,145
193,145
193,145
194,145
194,145
194,145
194,145
195,145
195,145
196,145
197,145
197,145
197,145
197,146
197,146
197,146
197,146
197,146
197,146
197,146
197,147
197,147
197,147
197,147
198,147
198,147
198,147
198,147
199,147
199,147
200,147
200,147
200,147
200,147
200,147
200,147
200,147
200,147
200,147
200,147
200,147
201,147
201,147
202,147
202,148
202,148
202,148
203,148
203,149
203,149
203,149
203,149
203,150
203,150
203,150
203,151
203,152
203,152
204,152
204,152
204,152
204,152
204,152
204,152
204,152
204,152
204,152
204,152
204,152
205,152
205,152
205,152
205,152
205,152
205,153
205,153
205,153
205,153
205,153
205,153
205,153
206,153
206,153
206,153
206,153
206,153
206,153
206,153
207,153
207,153
207,153
207,153
207,154
208,154
208,154
208,154
208,154
208,154
208,154
208,154
208,154
208,154
208,154
208,154
209,154
209,154
210,154
210,155
210,155
211,155
212,155
212,155
212,155
212,155
213,155
213,155
213,155
214,155
214,155
214,155
215,155
215,155
216,155
216,155
217,155
217,155
218,155
218,155
218,155
218,155
218,155
218,155
218,155
218,155
218,155
218,155
218,155
219,155
219,155
220,155
220,156
220,156
220,156
220,156
220,156
221,156
221,156
221,156
221,156
221,156
221,156
221,156
222,156
222,156
222,156
222,156
223,156
224,156
225,156
225,156
226,156
226,156
226,156
226,156
226,156
226,156
226,156
226,156
226,156
226,156
226,156
226,156
227,156
227,156
227,156
227,156
227,156
228,156
228,156
228,156
228,156
228,156
228,156
228,156
228,156
229,156
229,157
229,157
229,157
229,157
230,157
230,157
230,157
230,157
230,157
230,157
230,157
230,157
230,157
230,157
230,157
230,157
230,157
230,157
230,157
230,157
230,157
230,157
230,157
230,157
231,157
231,157
231,157
231,157
231,157
231,157
232,157
233,157
234,157
234,157
234,157
234,157
234,157
234,157
235,157
236,157
237,157
237,157
237,157
237,157
237,157
237,157
237,157
238,157
238,157
239,157
240,157
240,157
240,157
240,157
240,157
240,157
240,157
241,157
241,157
242,157
242,157
242,157
242,157
242,157
242,158
242,158
242,158
242,158
242,158
242,159
242,159
242,159
243,159
243,159
244,159
245,159
245,159
245,160
245,160
245,160
245,160
245,160
245,160
245,160
245,160
245,160
245,160
245,160
245,160
245,160
246,160
246,160
246,160
246,160
247,160
248,160
248,160
248,160
249,160
249,160
249,160
249,161
249,161
250,161
250,161
250,161
251,161
252,161
252,161
252,161
252,161
252,162
252,163
252,163
252,163
252,163
252,163
252,164
253,164
253,164
253,164
253,164
253,164
253,164
254,164
254,164
254,164
254,164
254,164
254,164
254,164
254,164
254,164
254,164
254,164
254,164
254,164
255,164
255,164
255,164
255,164
255,164
255,164
255,164
255,164
255,164
255,164
255,164
255,164
255,164
255,164
255,164
255,165
255,165
255,165
255,165
255,166
256,166
256,166
256,166
256,166
256,166
256,167
256,167
256,168
256,168
256,169
257,169
258,169
258,169
259,169
260,169
260,169
261,169
261,169
261,170
261,170
261,170
261,170
261,170
261,170
261,170
261,171
261,171
261,171
261,171
261,172
261,172
261,172
261,172
262,172
262,172
263,172
263,172
263,172
263,173
263,173
263,173
264,173
264,174
264,174
264,174
264,174
264,174
264,174
264,174
264,175
264,175
264,175
265,175
265,175
266,175
266,175
266,175
266,175
267,175
267,175
267,175
268,175
268,176
268,176
268,176
268,177
268,177
269,177
269,177
269,177
269,177
270,177
270,177
270,177
270,178
270,178
270,178
270,178
270,178
270,178
270,178
270,178
270,178
270,178
270,178
270,179
270,180
270,180
270,181
270,181
270,181
270,181
270,181
270,182
270,183
270,183
270,183
270,183
270,183
270,183
270,183
270,183
270,183
270,183
270,183
270,183
270,183
270,183
270,183
270,183
270,183
270,183
270,183
270,183
270,183
270,183
270,183
270,183
271,183
271,183
271,183
271,183
271,183
271,183
271,183
271,183
271,183
271,183
271,183
271,183
271,183
271,183
271,183
272,183
272,183
272,183
272,183
272,183
272,183
272,183
272,183
272,183
272,183
272,183
272,183
272,183
272,183
272,183
272,183
273,183
273,183
273,183
273,183
273,183
273,183
273,183
273,183
273,183
274,183
275,183
275,183
275,183
276,183
276,183
276,183
276,183
276,183
276,183
276,183
276,183
276,183
277,183
278,183
278,183
279,183
279,183
279,183
279,183
279,183
280,183
280,183
281,183
281,183
282,183
282,183
282,183
283,183
283,183
283,184
283,184
283,184
283,184
284,184
284,184
284,185
284,185
284,185
284,185
284,185
284,186
284,186
284,186
284,186
285,186
285,186
285,186
285,186
285,186
285,186
285,187
286,187
286,187
286,187
286,187
286,187
286,188
286,188
286,188
286,188
286,188
286,188
286,188
287,188
288,188
288,188
288,189
288,189
288,189
288,189
289,189
289,189
289,189
289,189
289,189
290,189
290,189
290,189
290,189
290,189
290,189
290,189
290,189
290,189
290,189
290,189
290,189
290,189
290,189
290,189
290,189
290,189
290,189
290,189
290,190
290,191
290,192
290,192
291,192
291,192
291,192
291,192
291,192
291,192
291,192
291,192
291,192
291,192
291,192
291,192
291,192
291,192
292,192
292,192
293,192
293,192
293,192
293,192
293,192
294,192
294,192
294,192
294,192
294,192
295,192
296,192
296,192
296,192
296,192
296,192
297,192
298,192
298,193
298,193
298,193
298,193
298,193
298,193
298,193
298,193
298,193
298,193
298,193
298,193
299,193
300,193
300,193
300,193
301,193
301,193
301,193
301,193
301,193
301,193
301,193
301,193
301,193
301,193
301,193
301,193
301,193
301,194
301,194
301,194
301,194
301,194
301,194
301,194
301,194
301,194
301,194
301,194
301,194
301,194
301,194
301,194
301,194
301,194
301,194
301,194
301,194
301,194
301,194
301,194
301,194
301,195
301,195
301,195
301,195
301,195
301,195
301,195
301,195
301,195
301,195
301,195
302,195
302,195
302,196
302,196
302,196
302,196
302,196
302,197
303,197
303,197
303,197
303,197
303,197
303,197
303,197
303,197
304,197
304,197
304,198
305,198
305,198
305,198
305,198
305,198
305,198
305,198
305,198
305,198
305,198
305,198
305,198
305,198
306,198
306,198
306,198
306,198
306,198
307,198
307,198
307,198
307,199
307,199
307,199
307,199
307,199
307,199
307,199
307,199
307,199
307,199
307,200
307,200
307,200
307,200
307,200
307,201
307,201
307,201
307,201
307,201
307,201
307,201
308,201
308,201
308,202
308,202
308,203
308,203
308,203
308,203
309,203
309,203
309,203
309,203
309,203
309,203
309,203
309,203
309,203
309,203
309,203
310,203
310,204
310,204
310,204
310,205
310,205
310,205
310,205
310,205
310,206
310,206
310,207
310,207
310,208
310,208
310,209
311,209
311,209
311,209
311,210
311,210
311,211
311,211
311,211
311,211
311,211
311,212
311,212
312,212
313,212
313,212
313,213
313,213
313,213
313,213
313,213
313,213
313,214
314,214
315,214
315,215
315,215
315,215
315,215
315,215
315,215
315,216
315,216
315,216
315,216
315,216
315,216
315,216
315,216
316,216
316,216
316,216
316,216
316,216
316,216
316,216
316,216
317,216
317,216
318,216
318,216
318,216
318,216
318,216
318,216
318,216
319,216
320,216
320,216
321,216
321,216
321,216
322,216
322,216
323,216
323,216
323,216
323,216
323,216
323,216
324,216
324,216
324,217
324,217
324,217
324,217
324,217
325,217
325,217
325,217
325,217
325,217
325,217
325,218
325,218
325,218
325,218
325,218
325,219
325,219
325,219
325,219
325,219
325,219
325,219
325,220
326,220
326,220
327,220
327,220
327,220
328,220
328,220
328,221
328,221
328,221
328,221
328,221
328,221
329,221
329,222
329,222
329,223
329,223
329,223
329,223
329,223
329,223
329,224
329,224
329,224
329,225
329,225
329,226
329,226
329,226
329,226
329,227
330,227
331,227
331,227
331,227
331,227
331,227
331,227
331,228
331,228
331,228
331,228
331,228
331,229
331,229
331,229
331,229
331,230
331,230
332,230
332,230
332,230
332,231
332,231
332,231
332,231
332,231
332,231
332,231
333,231
333,231
333,231
333,232
333,233
333,233
333,233
333,233
334,233
334,233
334,233
334,233
334,233
334,233
335,233
335,233
335,233
335,233
335,233
335,233
336,233
337,233
337,233
337,233
337,233
337,233
337,233
337,233
337,233
338,233
338,233
338,234
339,234
339,235
339,235
340,235
341,235
341,235
341,235
341,235
341,235
341,235
342,235
342,235
342,235
342,235
343,235
343,235
343,235
343,235
343,235
343,235
343,235
343,235
343,236
344,236
344,236
344,236
344,237
345,237
345,237
345,237
345,237
345,238
345,238
345,238
345,238
345,238
345,239
345,239
345,239
345,239
345,239
345,239
345,240
345,240
345,240
345,240
346,240
346,240
346,240
346,240
346,241
346,241
346,241
346,241
347,241
347,241
347,241
347,242
348,242
348,242
348,242
349,242
349,243
349,243
349,243
349,243
349,243
349,243
349,243
349,243
349,243
349,243
349,243
349,243
350,243
351,243
351,243
351,243
352,243
352,243
352,243
352,243
352,243
352,244
352,245
352,245
352,245
353,245
354,245
354,245
354,245
354,245
354,246
354,247
354,247
354,247
354,247
354,247
354,247
354,247
354,248
355,248
355,248
355,248
355,248
356,248
356,249
356,249
356,249
357,249
357,249
357,249
357,249
357,249
357,249
357,249
357,249
358,249
358,249
358,249
358,249
358,249
358,249
358,249
358,250
359,250
359,250
359,250
359,250
359,250
359,250
359,250
359,250
359,250
359,250
360,250
360,250
360,250
360,250
360,250
360,250
360,250
360,250
360,250
360,250
360,250
360,250
360,250
360,250
360,250
361,250
361,250
361,250
361,250
361,250
361,250
361,250
361,250
362,250
363,250
363,250
363,250
363,251
363,252
363,252
363,252
363,252
363,252
363,252
363,252
363,252
363,252
363,252
363,252
363,252
363,252
363,252
363,252
363,252
363,252
363,253
363,253
363,253
363,253
363,254
363,254
363,254
363,255
363,255
363,255
363,255
363,255
363,256
363,256
363,256
363,256
364,256
364,256
364,256
364,257
364,257
364,257
364,257
364,257
364,257
364,257
364,257
364,257
364,257
364,257
364,257
364,257
364,258
365,258
365,258
365,259
365,259
365,260
365,260
365,260
365,260
366,260
366,260
366,260
366,260
366,260
366,260
366,260
366,260
366,260
367,260
367,260
367,260
367,260
367,260
367,261
367,262
367,262
368,262
369,262
369,262
369,262
370,262
370,262
370,262
371,262
371,262
371,263
371,263
371,263
371,263
371,263
371,263
371,264
371,264
371,264
371,264
371,264
371,264
371,264
372,264
372,264
373,264
373,264
373,264
374,264
374,264
374,264
374,264
374,264
374,265
375,265
375,265
375,265
375,265
375,265
375,265
375,265
375,265
375,265
375,265
375,265
375,265
375,265
376,265
376,265
377,265
377,265
377,265
377,265
377,265
377,265
377,265
378,265
378,265
378,265
378,265
378,265
378,265
378,266
378,266
378,266
378,266
378,266
378,266
378,266
378,266
378,266
378,266
378,266
378,266
378,266
378,267
378,267
378,267
378,267
378,267
378,267
378,267
378,267
378,267
378,267
378,267
378,267
378,267
378,267
378,267
378,267
378,267
378,267
378,267
379,267
380,267
380,267
381,267
381,267
381,267
381,267
381,267
381,267
381,267
381,267
381,267
381,267
381,267
381,267
381,267
381,267
381,267
381,267
381,267
381,267
382,267
382,267
383,267
383,267
383,267
383,267
383,267
383,267
383,267
384,267
384,268
384,269
384,269
384,270
385,270
386,270
386,271
386,271
386,272
386,272
386,272
386,273
386,273
386,273
386,273
386,273
386,273
386,273
387,273
387,273
387,273
387,273
387,273
387,273
388,273
389,273
389,273
389,274
389,274
389,274
389,274
389,274
390,274
390,274
390,274
390,274
390,274
390,274
390,274
391,274
391,274
391,274
392,274
393,274
393,274
394,274
394,274
394,274
394,274
394,274
394,274
395,274
396,274
397,274
397,274
397,274
397,274
397,275
398,275
398,275
398,275
398,275
398,276
398,276
399,276
399,276
400,276
400,276
400,276
400,276
400,276
401,276
401,276
401,276
401,276
401,277
402,277
402,277
402,277
402,277
402,277
402,277
402,278
402,278
403,278
403,278
404,278
404,278
404,278
405,278
405,278
405,278
405,279
405,279
405,279
406,279
406,279
406,279
406,279
406,279
407,279
407,279
407,279
407,279
407,279
407,279
407,280
407,280
407,280
408,280
408,280
408,280
408,280
408,280
409,280
409,280
409,280
409,280
409,281
409,281
409,281
409,281
409,281
409,282
409,282
409,282
409,282
410,282
410,282
410,282
410,282
410,283
411,283
411,283
412,283
412,283
412,283
412,283
412,283
412,283
412,284
412,284
412,284
412,284
412,284
412,284
412,284
412,284
412,284
412,285
412,285
412,285
412,286
412,286
412,286
412,286
412,286
412,286
412,287
412,287
412,287
412,287
412,288
412,288
412,288
412,288
412,288
412,288
412,289
412,289
412,290
412,290
412,290
412,290
412,290
412,290
412,290
413,290
413,290
413,291
413,291
413,291
413,291
413,291
414,291
414,291
414,291
414,291
414,292
414,292
415,292
415,292
415,292
415,292
415,292
415,292
415,293
416,293
416,293
416,293
416,294
417,294
417,295
417,295
417,295
417,295
418,295
418,295
418,295
418,296
418,297
418,297
418,297
418,297
418,297
418,297
418,298
418,298
419,298
419,298
420,298
420,298
420,298
420,298
420,298
420,298
420,298
420,298
420,298
420,298
420,298
420,298
420,298
420,298
421,298
421,298
421,298
422,298
422,298
423,298
423,298
423,298
423,298
423,298
423,299
424,299
424,300
424,300
424,301
425,301
426,301
426,301
426,301
426,301
426,301
426,301
426,301
427,301
427,301
427,301
427,301
427,301
427,301
427,301
428,301
428,301
429,301
430,301
430,301
430,301
430,301
430,301
431,301
431,301
431,301
431,301
432,301
432,301
432,301
432,302
433,302
433,302
433,303
433,303
434,303
434,303
434,303
434,303
434,304
434,304
435,304
436,304
436,304
436,304
436,304
436,304
436,304
436,304
436,305
436,305
436,305
436,305
437,305
437,306
437,306
438,306
438,306
438,306
438,306
438,306
438,306
438,306
438,306
439,306
439,306
439,306
440,306
441,306
441,307
441,307
442,307
442,307
442,307
443,307
443,307
443,307
443,307
443,307
443,307
443,307
443,307
443,307
443,308
444,308
445,308
445,308
445,308
445,308
445,308
446,308
446,309
446,309
446,309
446,309
446,309
446,310
447,310
447,310
447,310
447,310
447,311
447,311
447,311
447,311
447,311
447,311
447,312
447,312
448,312
449,312
449,312
449,312
450,312
450,312
451,312
451,312
451,312
451,312
452,312
452,312
452,312
452,313
452,313
452,313
453,313
453,313
453,314
453,314
453,314
453,314
453,315
453,315
453,315
453,315
453,315
453,315
453,315
453,315
453,315
453,315
453,315
453,315
453,315
453,315
454,315
454,315
454,316
455,316
455,317
455,318
455,318
455,318
455,318
455,319
455,319
455,319
455,319
455,319
455,319
455,320
456,320
456,320
456,320
456,320
456,320
456,320
456,320
456,320
456,321
456,321
456,322
456,323
456,323
457,323
458,323
458,323
458,323
458,323
458,323
458,323
458,324
458,324
459,324
459,324
460,324
461,324
461,324
461,325
461,325
461,325
462,325
462,325
462,325
462,325
462,325
463,325
463,325
463,325
463,325
463,325
463,325
463,325
463,325
463,325
463,325
463,325
463,325
463,325
463,325
463,325
463,325
463,325
463,325
463,325
463,325
463,325
463,325
464,325
464,325
464,325
464,325
464,325
465,325
465,325
465,325
466,325
466,325
466,325
467,325
467,326
467,326
468,326
468,326
468,326
468,326
468,326
468,326
469,326
469,326
469,326
469,326
469,326
469,326
469,326
469,326
469,326
469,326
470,326
470,326
470,326
471,326
471,326
472,326
472,326
472,326
473,326
473,326
473,326
474,326
475,326
476,326
476,326
476,326
476,326
476,327
477,327
478,327
479,327
479,327
479,327
479,327
479,327
479,327
479,328
480,328
480,328
480,328
480,328
480,328
480,328
481,328
481,328
481,329
481,329
481,329
481,329
481,329
481,329
481,329
481,330
481,330
481,330
481,330
481,330
481,330
481,331
481,331
481,332
481,332
481,332
481,332
481,332
481,332
481,332
481,332
481,332
481,332
482,332
483,332
483,332
483,332
484,332
484,332
484,332
484,332
484,332
485,332
485,332
485,332
486,332
486,332
486,333
486,333
486,333
486,333
486,333
487,333
487,333
487,333
487,333
487,333
487,333
487,333
487,333
488,333
488,333
488,333
488,333
488,333
488,333
488,333
488,333
488,333
488,333
488,334
488,334
488,334
488,335
489,335
489,336
489,336
489,336
489,336
489,336
490,336
491,336
492,336
493,336
493,337
493,337
493,337
493,337
493,337
493,337
493,337
493,337
493,338
493,338
493,338
493,338
493,338
493,338
493,339
493,339
494,339
495,339
495,340
496,340
496,341
496,342
496,343
497,343
498,343
499,343
499,343
499,343
499,343
499,343
499,344
500,344
501,344
501,344
501,344
501,344
501,344
501,344
501,344
501,344
501,344
501,344
501,344
501,344
502,344
502,344
502,344
502,344
502,344
502,344
502,344
502,344
502,344
503,344
503,344
503,344
503,344
503,344
503,344
503,344
504,344
504,344
504,344
504,344
504,344
504,344
504,344
504,344
505,344
505,344
505,344
505,345
505,345
506,345
506,345
506,345
506,345
506,345
506,345
506,345
506,345
506,345
506,345
506,345
506,345
506,345
507,345
508,345
509,345
509,346
509,346
509,347
509,347
509,347
509,347
509,347
509,347
510,347
510,347
510,347
510,347
511,347
511,348
511,348
511,348
512,348
512,348
512,348
512,349
512,349
512,350
512,350
513,350
513,350
513,350
513,350
513,350
513,350
513,350
513,350
513,350
513,350
513,350
513,350
513,351
513,351
513,351
513,351
514,351
514,351
514,351
514,351
515,351
515,351
515,351
516,351
516,351
516,351
516,351
516,351
516,351
517,351
517,351
517,351
517,351
518,351
518,351
519,351
520,351
520,351
521,351
521,351
521,351
522,351
522,351
522,351
522,351
522,351
522,351
522,351
523,351
523,351
523,351
524,351
524,351
524,351
524,351
524,351
524,352
524,352
524,352
524,352
525,352
525,352
526,352
526,352
527,352
527,352
527,352
527,352
527,352
527,352
527,352
527,352
527,353
527,353
527,353
528,353
528,353
528,353
528,353
528,353
528,353
529,353
529,353
529,354
529,354
530,354
531,354
531,354
532,354
532,354
532,354
532,354
533,354
533,354
533,354
533,354
533,354
533,355
533,355
534,355
534,356
534,356
534,356
534,356
534,356
534,356
534,356
534,356
534,357
534,357
534,357
534,357
534,358
534,358
534,358
534,358
534,358
534,358
534,358
534,358
534,358
534,358
534,358
534,358
534,358
534,358
534,358
534,358
534,358
534,358
534,359
534,359
534,359
534,359
534,360
534,360
534,360
534,360
534,360
534,360
534,360
535,360
535,360
535,361
535,362
535,362
535,362
536,362
536,362
536,362
536,362
536,362
536,362
536,362
536,362
536,362
536,362
536,362
536,362
536,362
536,362
537,362
537,362
537,363
537,363
537,363
537,363
537,363
537,363
537,364
538,364
538,364
538,364
538,365
538,365
538,365
538,365
538,366
538,366
538,366
538,366
538,366
538,366
538,366
539,366
539,366
539,366
539,367
539,368
539,368
539,368
539,368
539,368
539,368
539,368
539,368
539,368
539,369
539,369
539,369
539,370
540,370
541,370
541,370
542,370
542,370
542,370
542,370
542,370
542,370
542,370
543,370
543,370
543,370
543,370
544,370
544,370
544,370
544,370
544,370
544,370
544,370
544,370
544,370
544,370
544,370
544,371
544,371
544,371
544,371
544,371
544,371
544,371
544,371
545,371
545,371
545,372
546,372
546,372
547,372
547,372
547,372
547,372
548,372
548,373
548,373
549,373
549,373
549,373
550,373
550,373
550,373
551,373
552,373
552,373
553,373
554,373
554,373
554,373
554,373
554,373
554,373
554,373
554,373
554,373
554,374
555,374
555,374
555,374
555,374
555,375
555,375
555,375
555,375
556,375
556,376
556,376
556,377
556,378
557,378
557,378
557,378
557,378
557,378
557,379
557,379
557,379
558,379
559,379
559,379
560,379
560,379
560,379
560,379
561,379
561,379
562,379
562,379
563,379
563,379
563,379
563,379
563,379
564,379
564,379
564,380
564,380
564,381
564,381
564,381
564,381
564,381
564,381
564,381
564,381
565,381
565,381
565,381
565,382
565,382
565,382
566,382
566,382
567,382
567,382
567,382
567,382
567,382
567,382
567,382
567,382
567,383
567,383
567,383
567,383
567,383
567,383
567,383
567,383
567,384
567,384
567,384
567,384
567,384
567,384
567,384
567,384
568,384
568,384
568,384
568,384
568,384
568,384
568,384
568,384
568,384
569,384
569,384
569,384
569,384
569,385
569,385
570,385
571,385
571,386
571,386
571,387
571,387
571,388
571,388
571,388
571,388
571,388
571,388
572,388
573,388
573,388
573,388
573,388
573,388
573,388
573,388
573,388
573,388
573,388
573,389
573,389
573,389
574,389
574,389
574,389
574,389
575,389
575,389
575,389
575,389
575,389
575,389
575,389
575,389
575,390
575,390
575,390
575,390
576,390
576,390
576,390
576,390
576,390
576,390
576,390
576,390
576,390
576,391
576,392
577,392
577,392
578,392
578,392
578,392
579,392
580,392
580,392
580,392
580,392
580,393
580,393
580,393
580,393
580,393
580,393
580,393
580,393
580,393
580,393
580,393
580,393
580,393
580,393
580,393
580,393
580,393
580,393
581,393
581,393
581,393
581,393
581,393
581,393
581,393
582,393
583,393
583,393
583,393
583,393
583,393
583,393
583,393
583,393
584,393
584,393
585,393
585,393
585,393
586,393
586,393
586,393
587,393
587,393
587,393
587,393
587,393
587,393
587,393
587,393
587,393
588,393
588,393
588,393
588,393
588,393
588,393
588,393
588,393
588,393
588,393
588,393
588,393
588,393
588,393
588,393
588,393
588,393
588,393
588,393
588,393
588,393
588,393
588,393
588,393
588,393
588,393
588,393
588,394
589,394
590,394
591,394
591,394
591,394
591,394
592,394
592,394
593,394
593,394
593,394
594,394
594,394
594,394
594,394
594,394
594,394
594,395
594,395
595,395
595,395
596,395
596,395
596,395
596,395
596,395
596,395
596,396
596,396
596,396
596,396
596,396
597,396
597,397
597,397
597,397
598,397
598,397
598,397
598,398
599,398
599,398
600,398
600,399
600,399
600,399
600,399
600,399
600,399
600,399
601,399
601,399
601,399
601,399
601,399
601,399
602,399
602,399
602,399
602,399
602,399
602,399
602,399
602,399
602,399
602,399
602,399
602,400
602,400
602,400
603,400
603,400
603,401
603,401
603,401
603,401
603,401
603,401
603,401
603,401
604,401
604,402
604,402
604,402
604,403
604,404
604,404
604,404
604,404
604,404
604,404
604,405
604,405
604,406
604,406
604,406
604,406
604,406
605,406
605,406
605,406
605,406
606,406
606,406
606,406
606,406
606,406
606,406
606,406
606,407
607,407
607,407
607,407
607,407
607,407
607,407
607,407
607,407
607,408
607,409
608,409
608,409
608,409
608,410
609,410
609,410
610,410
610,410
611,410
612,410
612,410
612,410
612,410
612,411
612,411
613,411
613,411
613,411
613,411
613,411
613,411
613,411
613,411
613,412
613,412
613,412
613,412
613,412
613,412
613,413
614,413
614,413
614,414
614,414
614,415
615,415
615,415
615,415
615,415
616,415
616,415
616,415
616,415
616,415
617,415
617,415
617,416
617,416
617,416
617,416
617,417
617,417
617,417
617,417
617,418
617,418
617,419
617,420
617,420
617,420
617,420
617,421
617,421
617,421
617,421
617,422
617,422
617,422
617,422
617,422
617,422
617,422
617,422
617,423
617,423
617,423
618,423
618,423
618,424
618,424
619,424
619,424
619,424
619,424
620,424
620,424
620,425
620,425
620,425
620,425
620,426
621,426
621,426
621,426
621,426
621,427
621,427
621,427
622,427
622,427
623,427
624,427
624,427
624,427
624,427
624,427
625,427
625,427
625,427
625,427
625,427
625,427
625,427
625,427
625,427
625,427
626,427
626,427
626,427
626,427
626,427
626,427
626,427
627,427
627,427
627,427
627,427
627,427
628,427
628,427
628,427
628,427
628,427
629,427
629,427
629,427
630,427
630,428
630,428
631,428
632,428
632,428
632,428
632,428
632,428
632,428
632,428
632,428
633,428
633,428
633,428
633,428
633,428
633,428
633,428
633,428
634,428
634,428
634,428
634,428
634,428
634,428
635,428
636,428
636,428
636,428
637,428
637,428
637,428
637,429
637,429
637,429
637,429
637,430
637,430
638,430
638,430
638,430
639,430
639,430
639,430
639,430
640,430
640,430
640,430
640,430
640,430
640,430
640,430
640,430
640,430
640,430
640,430
640,430
640,430
641,430
641,430
641,430
641,430
641,430
641,431
641,431
641,431
641,431
641,431
641,431
641,431
641,431
641,431
642,431
642,431
643,431
643,431
643,431
643,431
643,431
643,431
643,431
643,431
644,431
644,431
644,431
644,431
644,431
644,431
644,432
644,432
645,432
646,432
646,432
646,432
646,432
646,433
646,433
646,433
646,433
646,433
646,433
646,434
647,434
647,434
647,434
647,435
647,436
647,437
647,437
647,437
647,437
647,437
647,437
647,437
647,437
647,437
647,437
648,437
648,437
648,437
648,437
648,437
648,438
648,438
648,439
649,439
649,439
650,439
650,439
650,439
650,439
650,440
651,440
651,440
651,440
651,440
651,440
651,440
651,440
651,440
651,440
651,440
651,440
651,440
651,440
651,440
651,440
651,440
651,440
651,440
651,440
651,440
651,440
651,440
652,440
652,440
652,440
652,440
652,440
652,440
652,440
652,440
652,440
652,440
652,440
652,440
652,440
652,440
652,440
652,441
652,441
653,441
653,441
654,441
654,441
654,441
654,441
655,441
655,441
656,441
656,442
656,443
656,443
656,443
656,443
656,443
657,443
657,443
657,444
657,444
657,444
657,444
658,444
658,444
658,444
658,444
658,444
658,444
659,444
659,444
659,444
659,444
660,444
660,444
660,444
660,444
661,444
661,444
661,444
661,444
661,444
661,444
661,444
661,444
661,444
661,444
661,445
661,445
661,445
661,445
661,445
662,445
662,446
662,446
662,446
662,446
662,446
662,447
663,447
664,447
664,447
664,447
664,447
664,447
664,447
664,447
665,447
666,447
666,447
667,447
667,447
667,447
667,447
667,447
667,448
667,448
667,449
667,449
667,449
667,449
667,450
668,450
668,451
668,451
668,451
669,451
669,451
670,451
671,451
671,451
671,451
671,451
671,451
672,451
672,451
672,451
672,451
673,451
673,451
673,451
674,451
674,451
674,452
674,452
674,452
674,452
674,452
674,452
674,452
674,452
674,452
674,452
674,452
674,452
675,452
675,452
675,452
675,452
676,452
676,452
677,452
677,452
677,452
677,453
677,453
677,453
677,453
677,453
677,453
677,453
677,453
677,453
677,454
678,454
678,454
679,454
679,454
679,454
679,454
679,454
679,454
679,454
679,454
679,454
679,454
680,454
680,454
680,454
680,454
680,454
680,455
681,455
681,455
681,455
681,455
681,456
681,456
682,456
683,456
683,457
683,457
683,457
683,457
683,457
683,457
683,457
683,457
683,457
683,457
684,457
684,457
684,457
684,457
684,457
685,457
685,457
685,458
685,458
685,458
685,458
685,458
685,459
686,459
686,459
686,460
686,461
687,461
687,461
687,461
687,461
687,461
687,461
687,461
687,461
687,461
687,461
687,461
687,461
687,461
687,461
687,461
687,461
687,461
687,461
687,461
688,461
688,461
688,461
688,462
688,462
688,462
689,462
690,462
690,462
690,462
690,462
691,462
692,462
692,462
693,462
693,462
694,462
694,462
694,462
694,462
694,462
694,462
694,462
694,462
694,462
694,462
694,463
694,463
694,463
694,463
695,463
695,463
695,463
695,463
695,463
695,463
695,463
695,463
695,463
695,463
695,463
695,463
695,463
695,463
695,463
695,463
696,463
696,463
696,463
696,463
697,463
697,463
697,463
697,463
697,463
697,463
697,463
697,463
698,463
698,463
698,463
698,463
698,463
699,463
699,463
699,463
699,464
699,464
699,464
700,464
701,464
701,465
701,465
701,466
701,466
701,466
701,466
701,466
701,466
702,466
702,466
702,467
702,467
702,468
702,468
702,468
702,468
702,468
702,469
702,469
702,470
703,470
704,470
704,470
704,470
704,470
704,471
704,471
704,472
704,472
704,472
704,472
704,472
704,472
704,472
704,472
704,473
704,473
705,473
705,473
705,473
705,473
705,473
706,473
706,473
706,474
706,475
707,475
707,475
707,475
707,475
707,475
707,475
707,475
707,475
707,475
707,475
707,475
707,475
708,475
708,476
708,476
708,476
708,476
708,476
708,476
708,476
708,476
708,476
708,476
708,476
708,476
708,476
708,476
708,476
708,476
708,476
708,476
709,476
709,476
709,476
709,476
709,476
709,476
709,476
709,476
709,476
710,476
710,476
710,476
710,476
710,476
710,476
710,476
710,477
710,477
710,477
710,477
710,477
711,477
711,477
711,477
712,477
712,478
712,478
712,478
712,478
712,478
712,478
713,478
713,478
713,478
713,478
713,478
713,478
714,478
714,478
714,478
714,479
714,479
714,479
714,479
714,479
714,480
715,480
715,480
715,480
715,480
715,481
715,481
715,481
716,481
716,481
716,481
716,482
716,482
716,483
716,484
716,484
716,484
716,484
716,484
716,484
716,484
716,484
716,484
717,484
717,485
717,485
718,485
718,485
718,486
718,486
718,486
719,486
719,486
719,487
719,488
719,488
719,488
719,488
719,488
719,488
719,488
719,488
719,488
719,488
719,488
719,488
719,489
719,489
719,489
719,489
719,490
719,490
719,490
719,490
719,490
719,490
719,490
719,491
719,491
719,492
719,492
719,492
720,492
721,492
721,492
721,493
721,493
722,493
722,493
722,493
722,493
722,493
722,493
722,493
722,493
722,493
723,493
723,493
723,493
723,493
723,493
724,493
724,493
724,493
724,493
724,493
725,493
725,493
725,493
726,493
726,493
726,493
726,493
726,493
726,493
727,493
727,493
728,493
729,493
729,494
729,494
729,494
729,495
729,495
729,495
729,495
729,495
729,496
729,496
729,496
729,496
729,497
729,498
729,498
729,499
729,500
729,500
729,500
729,500
729,500
729,500
729,500
729,500
729,500
730,500
730,500
730,501
730,502
730,502
730,502
730,502
730,502
730,502
731,502
731,503
731,503
731,503
731,503
731,503
731,503
731,503
732,503
732,503
732,503
733,503
733,504
733,505
733,505
734,505
734,505
735,505
735,505
735,505
736,505
737,505
737,505
737,505
737,505
738,505
738,505
738,505
738,505
738,505
738,505
738,505
738,505
738,505
738,506
738,506
738,506
738,506
738,507
738,507
739,507
739,507
740,507
740,507
740,507
740,507
740,508
740,508
740,509
740,510
740,511
741,511
741,512
741,513
741,513
741,513
741,513
741,513
741,513
741,514
741,514
741,514
742,514
742,514
742,514
743,514
743,514
743,514
743,514
743,514
743,514
743,515
743,515
743,515
743,515
743,515
743,515
743,515
743,515
743,515
743,515
743,516
743,516
743,516
743,516
743,516
743,516
743,516
743,516
744,516
744,517
744,517
744,517
745,517
745,517
745,518
745,518
745,518
745,518
745,518
746,518
746,518
746,518
746,519
746,519
746,519
746,519
746,519
746,519
746,520
746,520
746,520
746,521
746,521
746,522
746,522
746,522
746,522
746,522
747,522
748,522
748,522
748,522
749,522
750,522
750,522
750,523
750,523
750,523
750,523
750,523
750,523
751,523
751,523
752,523
753,523
754,523
754,523
754,523
755,523
755,523
755,523
755,523
755,523
755,523
755,523
755,523
755,523
755,523
755,523
755,524
755,524
756,524
757,524
757,524
757,524
757,524
757,524
758,524
758,524
759,524
759,524
759,525
759,525
759,525
759,525
760,525
760,525
761,525
761,525
761,525
761,525
761,525
761,525
761,525
762,525
762,525
762,525
763,525
763,525
764,525
764,525
764,525
764,525
764,525
764,525
765,525
766,525
766,525
766,525
766,525
767,525
767,525
768,525
768,525
768,525
768,525
768,526
768,526
768,526
768,526
768,527
768,527
768,527
768,527
768,527
768,528
769,528
769,528
770,528
770,528
770,528
770,528
770,528
770,528
770,528
770,528
770,528
770,528
770,528
770,528
770,528
771,528
771,528
771,529
771,529
771,529
772,529
772,529
772,530
772,530
772,530
772,530
772,530
772,530
772,530
773,530
773,530
773,530
773,530
773,530
773,530
773,530
774,530
774,530
774,530
774,530
774,530
774,530
774,531
774,531
774,531
774,532
774,532
774,532
774,533
775,533
775,533
775,533
775,534
775,535
775,536
775,536
775,536
775,536
775,536
775,536
776,536
776,536
776,537
776,537
776,537
776,537
776,537
776,537
776,537
776,537
776,537
776,537
776,537
776,537
776,537
776,537
776,538
776,538
776,538
776,538
776,538
777,538
777,538
777,538
777,538
777,538
777,538
777,538
777,538
777,538
777,538
777,538
778,538
778,538
778,538
778,538
779,538
780,538
780,539
780,540
781,540
782,540
782,540
782,540
782,540
783,540
783,540
783,540
783,540
783,540
783,540
783,540
784,540
785,540
785,540
785,540
786,540
786,541
786,541
786,541
786,542
786,542
786,542
786,542
786,542
786,542
786,543
786,543
786,543
786,544
786,544
786,544
786,545
786,545
786,545
787,545
787,545
787,545
787,545
787,545
787,545
787,545
787,546
787,546
788,546
789,546
789,547
790,547
790,547
790,547
790,547
790,547
790,547
790,547
790,547
790,547
790,547
791,547
791,547
791,547
791,548
791,549
791,549
792,549
792,549
792,549
792,549
792,549
793,549
794,549
794,549
794,549
794,549
794,549
794,549
794,549
794,549
794,549
794,549
795,549
795,549
795,550
796,550
796,550
796,551
796,551
796,551
796,551
796,552
796,552
796,552
797,552
797,553
797,553
798,553
798,553
798,553
798,553
798,553
799,553
799,553
799,553
799,553
799,553
799,553
799,553
799,553
799,553
800,553
800,553
800,554
800,554
800,555
800,555
800,555
800,555
800,555
800,556
801,556
801,556
801,556
801,557
801,557
801,557
801,558
801,558
801,558
801,558
801,558
801,558
801,559
801,559
801,559
801,559
801,559
801,559
801,559
801,559
801,559
801,559
801,559
801,559
801,559
801,559
801,559
801,559
801,559
801,559
802,559
802,559
802,559
802,559
803,559
804,559
804,559
804,559
804,560
804,560
805,560
805,560
805,560
805,560
805,560
805,560
805,560
805,560
805,560
806,560
806,560
806,560
806,560
807,560
807,561
807,561
807,561
807,561
808,561
808,561
808,561
808,561
809,561
809,561
809,561
809,561
809,561
809,561
809,561
809,561
809,561
809,561
809,561
810,561
810,561
810,561
810,561
810,561
810,561
810,561
810,561
810,562
810,562
810,563
811,563
811,563
811,563
811,563
811,563
811,563
812,563
813,563
813,564
813,564
813,564
813,565
813,565
813,565
813,565
813,565
813,565
813,565
814,565
814,565
814,565
814,565
814,565
814,565
814,565
814,566
814,566
814,566
814,566
814,566
814,566
814,566
814,566
815,566
816,566
817,566
818,566
818,567
818,567
818,567
818,567
819,567
820,567
820,568
820,568
820,568
820,568
820,568
820,569
821,569
821,569
822,569
822,569
822,569
822,569
822,569
822,569
822,569
822,569
822,569
822,569
822,570
822,571
822,571
822,571
822,571
822,571
822,571
822,572
822,572
822,572
822,572
822,572
822,572
822,573
822,573
822,573
822,573
823,573
823,573
823,573
823,573
823,573
823,573
824,573
824,574
824,574
824,574
824,575
824,576
824,576
824,576
824,576
824,577
824,577
824,577
824,577
825,577
825,577
825,577
825,577
825,577
825,577
825,577
825,578
825,578
825,578
825,578
825,578
826,578
826,579
826,579
826,579
826,579
826,580
826,580
826,581
826,581
826,581
826,581
826,581
826,581
826,582
826,583
826,584
826,584
826,585
827,585
827,585
827,586
828,586
828,586
828,586
828,586
828,586
828,586
829,586
829,586
830,586
830,586
830,586
830,586
830,587
830,587
830,587
830,587
830,587
831,587
831,588
831,588
831,588
831,589
831,589
832,589
832,589
832,590
832,590
832,590
832,590
832,590
833,590
833,590
833,590
834,590
834,590
834,590
835,590
835,590
836,590
836,590
836,590
836,590
837,590
837,590
837,590
837,590
837,590
838,590
838,590
838,591
838,591
838,591
838,591
838,592
838,593
838,593
838,593
838,594
838,594
839,594
839,594
839,594
839,594
839,594
839,594
839,594
839,594
839,594
839,594
839,594
839,594
839,594
839,594
839,595
839,595
839,595
840,595
841,595
841,595
842,595
842,595
842,595
842,595
842,596
843,596
843,596
843,597
843,597
843,597
843,597
843,598
843,598
844,598
844,598
844,599
844,599
844,599
844,599
844,599
844,599
845,599
845,599
845,600
845,600
845,601
845,602
845,602
846,602
846,603
846,603
846,603
846,603
846,603
846,603
847,603
847,603
847,603
848,603
848,603
848,603
848,603
849,603
849,603
849,603
850,603
850,603
850,603
850,603
850,603
850,604
850,605
850,605
851,605
851,605
851,605
851,605
851,605
851,605
851,606
852,606
852,606
852,606
852,606
852,606
852,606
852,606
853,606
853,606
853,606
853,606
853,606
854,606
854,606
854,606
854,606
854,606
854,606
854,606
854,606
854,606
855,606
855,606
855,606
855,607
855,607
856,607
856,607
857,607
857,607
857,607
857,608
857,608
857,608
857,608
857,608
858,608
858,609
858,609
858,609
858,609
858,609
858,609
858,609
859,609
859,609
859,609
859,610
859,610
859,610
859,610
859,610
860,610
860,610
860,611
861,611
861,611
861,611
861,611
861,611
861,611
861,611
861,611
861,611
862,611
862,611
863,611
863,611
864,611
864,612
864,612
864,612
864,612
865,612
865,612
866,612
866,612
867,612
867,612
867,612
867,612
868,612
868,612
868,613
868,613
868,614
868,614
868,614
868,614
868,614
868,614
868,614
868,614
869,614
869,614
869,614
869,614
869,614
869,614
869,614
870,614
870,614
870,614
871,614
871,614
871,615
872,615
872,616
873,616
873,616
874,616
874,616
874,616
874,616
875,616
875,616
875,617
875,617
875,617
875,618
875,618
875,618
875,618
875,618
875,618
875,618
875,618
875,618
875,618
875,618
875,618
875,618
875,618
875,618
875,618
875,618
876,618
876,618
876,618
876,618
876,618
876,618
876,618
876,618
877,618
877,619
877,619
877,619
877,619
878,619
878,619
878,619
878,619
878,619
878,619
878,619
878,619
878,619
879,619
879,619
879,619
879,619
879,619
879,619
879,619
879,619
879,619
879,619
879,619
879,619
879,619
879,619
879,620
879,620
879,620
879,620
879,620
879,621
879,621
879,621
879,622
879,622
879,622
880,622
880,622
880,622
881,622
881,622
881,622
882,622
882,622
882,623
883,623
883,623
884,623
884,623
884,623
884,624
884,624
884,624
885,624
886,624
886,625
886,625
886,625
886,625
886,625
886,625
886,625
886,625
886,626
887,626
887,626
887,626
887,626
888,626
888,626
889,626
889,626
889,626
889,626
889,626
889,626
889,626
889,626
889,627
890,627
890,627
890,627
890,627
890,627
890,627
891,627
891,627
892,627
892,627
893,627
893,627
893,627
893,627
893,628
893,628
893,629
893,629
893,630
893,631
893,631
893,632
894,632
894,632
894,632
894,632
895,632
895,632
895,633
895,633
895,633
895,634
895,635
895,635
895,636
896,636
897,636
897,636
897,636
898,636
898,636
898,636
898,636
899,636
899,637
899,637
899,637
899,637
899,637
899,637
899,638
899,638
899,638
899,639
899,639
899,639
899,639
899,640
899,640
899,640
899,640
899,640
899,640
899,640
899,640
899,640
900,640
900,640
900,640
901,640
901,640
901,640
902,640
902,640
902,640
902,640
902,640
902,640
903,640
903,641
904,641
904,641
904,641
904,641
904,641
904,641
905,641
905,641
906,641
906,641
906,641
906,641
906,641
906,641
906,641
907,641
907,641
907,641
908,641
908,641
908,641
908,641
908,642
908,642
908,643
908,643
909,643
909,644
909,644
909,644
909,644
909,645
909,645
909,645
909,646
909,647
909,647
909,647
909,647
909,647
909,647
909,647
909,647
909,647
909,647
909,648
910,648
911,648
911,648
911,648
911,648
911,648
912,648
913,648
913,648
913,648
913,648
913,648
913,648
914,648
915,648
915,648
916,648
916,648
917,648
917,648
917,648
917,648
917,648
918,648
918,648
919,648
919,648
919,649
919,649
920,649
920,650
920,650
920,650
920,650
920,650
920,650
920,650
920,650
920,650
920,650
920,650
921,650
921,650
921,650
921,650
921,650
921,650
921,650
921,650
921,650
921,650
921,650
921,650
921,650
921,650
921,651
921,651
921,652
921,652
921,652
921,652
921,652
921,652
921,652
921,652
922,652
922,652
922,652
923,652
923,652
923,653
923,653
923,653
924,653
924,653
924,653
924,653
924,653
924,653
924,653
924,653
924,653
924,653
924,653
925,653
925,654
925,654
925,654
925,654
925,654
925,654
926,654
926,655
927,655
927,655
927,655
927,655
927,655
927,656
927,656
927,656
927,657
927,658
927,658
927,658
927,658
927,658
927,658
927,658
927,658
927,658
927,659
927,660
927,660
927,660
927,660
927,660
928,660
928,660
928,660
928,660
929,660
929,660
929,660
929,660
929,661
929,661
929,662
929,663
929,663
929,663
929,663
930,663
930,663
930,663
930,663
930,664
930,664
930,665
930,665
930,665
930,666
930,666
931,666
932,666
933,666
933,666
933,666
933,666
933,666
933,666
933,666
933,666
933,666
933,666
933,666
933,666
933,666
933,667
933,667
933,667
933,667
933,667
933,667
933,667
933,667
933,667
934,667
934,667
934,668
934,668
934,668
934,668
934,668
934,668
934,668
934,668
935,668
935,669
935,669
935,670
935,670
935,670
935,670
935,670
936,670
937,670
937,670
938,670
938,670
938,670
938,670
938,670
938,670
938,670
938,670
938,670
938,670
938,670
938,670
938,670
938,671
938,671
938,672
938,672
938,672
938,672
938,673
938,673
938,673
938,673
938,673
938,673
939,673
939,673
939,674
939,674
939,674
939,674
939,674
939,674
939,674
939,674
940,674
940,674
940,674
940,674
940,675
940,675
940,675
940,675
940,675
940,675
940,675
940,675
940,676
940,677
940,677
940,677
940,677
940,677
940,677
940,677
940,677
940,677
940,677
941,677
941,677
942,677
942,677
942,677
942,677
942,678
942,678
942,678
943,678
944,678
944,678
945,678
945,679
946,679
946,679
947,679
947,679
947,680
947,680
947,680
947,680
948,680
948,680
949,680
949,680
949,680
950,680
950,680
950,680
950,680
950,680
950,680
950,680
950,680
951,680
951,680
951,680
952,680
952,680
952,680
952,680
952,680
952,680
953,680
953,680
953,680
954,680
954,680
954,680
954,680
954,681
954,681
954,681
954,682
954,682
955,682
955,682
955,682
955,683
955,683
955,683
955,683
956,683
956,683
956,683
956,683
956,683
956,683
956,683
956,683
956,683
956,683
956,684
956,684
956,684
956,684
956,684
956,684
956,684
956,684
957,684
957,684
957,684
957,684
958,684
958,684
958,684
958,684
958,684
959,684
959,684
959,684
959,684
959,684
960,684
960,684
960,685
960,685
960,685
960,685
960,686
960,686
960,686
960,686
960,686
960,686
960,686
960,686
960,686
960,686
960,686
960,686
960,686
960,686
961,686
961,686
961,686
962,686
962,686
962,686
962,686
962,686
962,686
962,686
962,686
962,686
962,686
962,686
962,686
962,687
962,687
962,687
963,687
963,687
963,687
963,688
963,688
963,688
963,688
963,688
964,688
964,688
964,688
965,688
965,689
966,689
966,689
966,689
967,689
967,689
968,689
968,689
968,689
968,690
968,691
968,691
968,691
968,691
969,691
969,691
969,691
969,691
969,691
969,691
969,692
969,692
969,693
969,693
969,693
970,693
970,693
970,694
970,694
970,694
970,694
970,694
970,694
970,694
970,694
971,694
971,694
971,695
971,695
971,695
971,695
971,695
971,695
971,695
971,695
971,695
971,695
971,695
971,695
971,696
972,696
972,696
972,696
972,696
973,696
973,696
974,696
974,696
974,696
974,696
974,696
974,696
974,696
974,696
975,696
975,696
975,696
975,696
975,696
975,696
975,696
975,696
975,696
975,696
975,696
975,696
975,696
975,696
975,696
975,696
975,696
975,696
976,696
976,696
976,696
976,697
976,697
977,697
977,697
977,697
977,698
977,698
977,699
977,699
977,699
977,700
978,700
978,700
978,700
979,700
979,700
980,700
980,700
981,700
982,700
982,700
982,700
982,700
982,701
983,701
984,701
984,701
984,701
985,701
985,701
985,701
985,701
985,701
985,702
986,702
986,703
986,703
986,704
986,705
986,705
986,705
986,705
986,705
987,705
987,705
988,705
988,705
988,705
988,705
988,705
988,705
988,705
988,705
988,706
988,707
988,707
988,707
988,707
988,707
988,708
988,708
988,708
989,708
989,708
989,708
989,708
989,708
989,708
990,708
990,708
990,708
990,708
990,708
990,709
990,709
990,709
990,709
990,709
990,709
990,709
990,709
990,709
990,709
990,709
990,709
990,709
991,709
991,709
991,709
992,709
992,709
993,709
993,709
993,709
993,709
993,709
993,709
993,709
993,709
993,709
993,709
993,709
993,709
993,709
993,709
993,709
993,709
994,709
994,709
994,709
994,709
994,709
994,709
995,709
995,709
995,709
995,709
996,709
997,709
997,709
998,709
998,709
998,709
998,709
998,710
998,710
998,710
998,711
998,711
999,711
999,711
1000,711
1000,711
1000,711
1001,711
1001,711
1002,711
1002,711
1002,711
1002,711
1003,711
1003,711
1003,711
1003,711
1003,711
1003,711
1003,712
1003,712
1003,712
1003,712
1003,713
1003,713
1004,713
1004,713
1004,713
1004,713
1004,713
1004,713
1004,713
1004,714
1004,714
1004,714
1004,714
1005,714
1005,714
1005,714
1005,714
1005,714
1005,714
1005,714
1005,714
1005,714
1005,715
1005,715
1005,715
1005,716
1005,716
1006,716
1006,716
1006,716
1006,716
1006,716
1007,716
1007,716
1007,716
1007,716
1008,716
1008,716
1008,716
1008,716
1008,716
1008,716
1008,716
1008,716
1008,716
1008,716
1008,716
1008,716
1008,716
1008,716
1008,716
1008,716
1008,716
1009,716
1009,716
1010,716
1010,716
1010,717
1010,717
1010,717
1010,717
1010,717
1010,717
1010,718
1010,718
1010,718
1010,718
1010,718
1010,719
1010,719
1010,719
1011,719
1012,719
1012,719
1012,720
1012,720
1013,720
1013,720
1013,720
1013,720
1013,720
1013,720
1013,720
1013,720
1013,720
1013,720
1013,720
1013,720
1013,720
1013,720
1013,721
1013,721
1013,721
1013,721
1014,721
1014,721
1014,721
1015,721
1015,721
1015,722
1015,722
1015,722
1015,722
1016,722
1016,722
1016,722
1017,722
1017,723
1017,723
1017,723
1017,723
1017,723
1017,723
1017,723
1017,723
1018,723
1018,723
1018,723
1018,723
1018,723
1018,724
1018,724
1018,724
1018,724
1018,724
1018,724
1018,724
1018,724
1018,725
1018,725
1018,725
1018,725
1018,725
1018,725
1018,725
1018,725
1018,725
1018,725
1018,725
1018,725
1018,725
1018,725
1019,725
1019,725
1020,725
1021,725
1021,725
1022,725
1022,725
1022,725
1022,725
1023,725
1023,726
1024,726
1025,726
1025,726
1025,726
1025,726
1025,726
1026,726
1026,726
1026,726
1026,726
1026,726
1026,726
1027,726
1027,726
1027,726
1027,726
1027,726
1027,726
1027,726
1027,726
1027,726
1027,727
1028,727
1028,727
1028,727
1028,728
1029,728
1029,728
1029,729
1029,729
1029,729
1029,729
1029,729
1029,730
1029,731
1029,731
1029,731
1029,731
1030,731
1030,731
1030,731
1030,731
1030,731
1030,731
1030,731
1030,731
1030,731
1030,731
1030,731
1030,731
1030,731
1030,731
1030,731
1030,731
1030,731
1030,732
1030,732
1030,732
1031,732
1031,732
1031,732
1032,732
1032,732
1032,732
1032,732
1032,732
1032,732
1032,732
1032,732
1032,732
1032,732
1032,732
1032,732
1032,732
1032,732
1032,732
1032,732
1032,732
1032,732
1032,732
1032,732
1033,732
1033,732
1033,732
1034,732
1034,733
1034,733
1034,733
1034,733
1034,733
1035,733
1035,733
1036,733
1037,733
1038,733
1038,733
1038,733
1038,733
1038,733
1038,733
1038,733
1039,733
1039,733
1039,733
1039,733
1039,733
1039,733
1039,733
1040,733
1040,733
1040,733
1040,733
1040,733
1040,733
1041,733
1041,733
1041,733
1041,733
1041,733
1041,733
1042,733
1042,733
1042,733
1042,733
1042,733
1042,733
1042,734
1042,734
1042,734
1042,734
1043,734
1043,734
1043,734
1043,734
1043,735
1044,735
1044,735
1044,735
1044,735
1045,735
1045,735
1046,735
1046,735
1046,735
1047,735
1047,735
1047,735
1047,735
1047,735
1047,735
1047,735
1048,735
1048,735
1048,735
1048,735
1048,735
1048,735
1048,735
1048,735
1048,735
1049,735
1049,735
1049,735
1049,735
1050,735
1050,735
1050,735
1051,735
1051,735
1051,735
1051,735
1051,735
1051,735
1051,735
1052,735
1052,735
1052,735
1052,735
1052,735
1052,735
1052,736
1052,736
1053,736
1053,736
1053,736
1054,736
1054,736
1055,736
1056,736
1056,736
1057,736
1057,736
1057,736
1057,736
1057,736
1057,737
1057,737
1057,737
1057,737
1057,737
1057,737
1058,737
1058,737
1058,737
1058,737
1058,738
1058,738
1058,738
1058,738
1058,738
1058,738
1058,739
1058,739
1058,739
1058,739
1058,739
1059,739
1059,739
1059,739
1059,740
1059,740
1059,740
1059,740
1060,740
1060,740
1060,740
1060,741
1060,742
1060,742
1060,742
1061,742
1061,742
1061,742
1062,742
1062,742
1062,742
1063,742
1063,742
1063,742
1063,742
1063,742
1063,742
1063,742
1063,742
1063,742
1063,742
1063,742
1063,742
1063,742
1063,742
1063,742
1063,742
1063,742
1063,742
1063,742
1063,742
1064,742
1064,742
1064,742
1064,742
1065,742
1065,742
1066,742
1066,742
1066,742
1066,742
1066,742
1066,742
1066,742
1066,742
1066,742
1066,742
1067,742
1067,742
1067,742
1067,742
1067,742
1067,742
1068,742
1068,742
1068,742
1068,743
1068,743
1068,743
1068,743
1068,743
1068,743
1068,743
1068,743
1068,743
1069,743
1070,743
1071,743
1071,744
1071,745
1071,745
1071,745
1072,745
1072,745
1072,745
1072,746
1072,746
1072,746
1072,746
1072,746
1073,746
1073,746
1073,747
1073,747
1073,748
1073,748
1073,748
1073,748
1073,748
1074,748
1075,748
1075,748
1075,748
1075,748
1075,748
1075,749
1075,749
1075,749
1075,749
1075,749
1075,749
1075,749
1075,749
1075,749
1075,749
1075,749
1076,749
1076,749
1076,749
1076,749
1076,749
1076,750
1077,750
1077,750
1077,750
1077,750
1077,750
1077,750
1077,750
1077,750
1077,751
1077,751
1077,751
1077,751
1077,751
1077,751
1077,751
1077,751
1077,752
1077,752
1077,752
1078,752
1078,752
1079,752
1079,753
1079,753
1079,753
1079,753
1079,753
1079,753
1079,753
1079,753
1079,753
1079,753
1079,753
1079,753
1079,753
1079,753
1079,753
1079,754
1079,754
1079,754
1079,754
1080,754
1080,754
1080,754
1081,754
1081,754
1081,754
1081,754
1081,755
1081,755
1081,755
1081,755
1081,755
1081,755
1081,755
1081,755
1081,755
1081,755
1081,755
1082,755
1082,755
1082,755
1082,756
1083,756
1083,756
1083,756
1084,756
1084,756
1084,756
1084,756
1084,756
1084,756
1085,756
1086,756
1087,756
1087,756
1087,756
1088,756
1088,756
1088,756
1088,756
1088,756
1088,756
1088,757
1089,757
1089,757
1089,757
1089,757
1089,758
1089,758
1090,758
1090,758
1090,759
1091,759
1091,759
1091,759
1091,759
1091,759
1091,759
1091,759
1092,759
1092,759
1092,760
1092,760
1092,760
1092,760
1092,761
1092,761
1092,761
1092,761
1092,761
1092,761
1092,761
1092,761
1092,762
1092,762
1092,762
1092,762
1092,762
1093,762
1093,762
1093,762
1093,763
1093,763
1093,763
1093,763
1093,763
1093,763
1094,763
1094,763
1094,763
1094,763
1094,763
1095,763
1095,763
1095,763
1095,763
1095,763
1095,763
1095,763
1095,763
1095,764
1095,765
1095,765
1096,765
1096,765
1096,765
1096,765
1096,765
1096,765
1096,765
1096,765
1096,765
1097,765
1098,765
1098,765
1098,765
1098,765
1098,765
1098,765
1098,765
1098,765
1098,765
1098,766
1098,766
1098,766
1098,766
1098,767
1098,767
1098,767
1098,767
1098,767
1098,767
1098,767
1098,767
1098,767
1098,767
1098,767
1098,767
1098,767
1099,767
1099,767
1100,767
1100,767
1100,767
1101,767
1101,768
1101,768
1101,768
1102,768
1102,768
1102,768
1102,768
1103,768
1103,768
1103,768
1103,768
1103,768
1104,768
1104,768
1104,768
1104,768
1104,768
1104,768
1104,768
1104,768
1104,768
1105,768
1105,768
1105,768
1106,768
1106,768
1106,768
1106,768
1106,768
1107,768
1107,768
1107,768
1107,769
1107,769
1107,770
1107,770
1108,770
1108,770
1108,770
1108,770
1108,771
1108,771
1109,771
1109,771
1109,771
1109,772
1109,772
1109,772
1109,772
1109,772
1110,772
1111,772
1112,772
1112,772
1112,772
1112,772
1112,772
1112,772
1112,772
1112,772
1112,772
1112,772
1112,772
1112,772
1112,772
1112,772
1112,772
1112,772
1112,772
1112,772
1112,772
1112,772
1113,772
1114,772
1114,772
1114,772
1114,772
1114,772
1114,772
1114,772
1114,772
1115,772
1115,772
1115,772
1115,772
1116,772
1116,772
1116,773
1116,773
1116,773
1116,773
1116,773
1117,773
1118,773
1118,773
1119,773
1120,773
1120,773
1120,773
1121,773
1121,773
1121,773
1121,773
1121,773
1121,774
1122,774
1122,774
1123,774
1124,774
1124,774
1124,774
1125,774
1125,774
1125,774
1125,774
1125,774
1125,774
1125,774
1125,774
1125,774
1125,775
1125,776
1125,776
1125,777
1125,777
1125,777
1125,777
1125,777
1126,777
1126,777
1127,777
1127,778
1127,778
1127,778
1127,778
1127,778
1127,778
1127,778
1127,778
1127,779
1127,779
1127,780
1127,780
1127,780
1128,780
1129,780
1129,780
1129,780
1130,780
1130,780
1130,780
1130,780
1130,780
1130,781
1130,781
1130,781
1131,781
1131,781
1131,781
1131,781
1131,781
1131,782
1131,782
1131,782
1131,782
1131,782
1131,783
1131,783
1131,783
1131,783
1131,783
1131,784
1131,784
1131,784
1131,784
1131,784
1132,784
1132,784
1132,785
1132,785
1132,785
1132,785
1133,785
1133,786
1133,786
1134,786
1134,786
1134,786
1135,786
1135,786
1135,786
1135,786
1135,786
1136,786
1137,786
1138,786
1138,786
1138,786
1138,786
1139,786
1139,786
1139,786
1139,786
1139,786
1139,787
1140,787
1140,787
1140,787
1141,787
1142,787
1142,787
1142,787
1142,787
1142,787
1142,787
1142,787
1142,787
1142,787
1142,787
1142,787
1142,787
1143,787
1143,787
1143,788
1143,789
1144,789
1144,789
1144,789
1144,789
1144,790
1144,790
1144,790
1145,790
1145,791
1145,792
1145,792
1145,792
1145,792
1146,792
1146,792
1146,792
1146,792
1146,792
1146,792
1147,792
1147,792
1147,792
1147,792
1147,792
1147,792
1147,793
1147,794
1147,794
1147,794
1147,794
1147,794
1148,794
1148,795
1148,795
1148,795
1148,795
1148,795
1148,795
1148,795
1148,795
1148,795
1148,795
1149,795
1149,795
1149,795
1149,795
1149,795
1149,795
1150,795
1151,795
1151,796
1151,796
1151,796
1152,796
1152,796
1152,796
1153,796
1154,796
1155,796
1155,796
1156,796
1157,796
1157,796
1157,796
1157,796
1157,796
1157,796
1157,796
1157,796
1158,796
1158,797
1158,797
1158,797
1159,797
1160,797
1161,797
1161,797
1162,797
1162,797
1162,797
1162,797
1162,797
1162,797
1162,798
1162,799
1162,799
1162,799
1163,799
1163,799
1163,800
1163,800
1163,800
1163,800
1163,800
1163,800
1163,800
1163,800
1163,800
1163,800
1164,800
1164,800
1164,800
1165,800
1166,800
1166,800
1166,800
1166,800
1166,800
1167,800
1167,800
1167,800
1168,800
1168,800
1169,800
1169,800
1169,801
1169,801
1169,801
1169,801
1169,801
1170,801
1170,801
1170,801
1170,801
1170,801
1170,801
1170,801
1170,802
1170,802
1170,802
1170,802
1170,802
1170,803
1170,803
1170,803
1170,803
1170,803
1170,803
1170,803
1170,803
1170,804
1170,804
1170,805
1170,805
1170,805
1170,805
1170,805
1170,805
1170,805
1170,805
1170,805
1170,805
1171,805
1172,805
1172,805
1172,805
1172,806
1172,806
1172,807
1172,807
1172,807
1172,807
1172,807
1172,807
1172,807
1172,807
1172,807
1173,807
1173,808
1173,808
1173,808
1173,808
1173,808
1173,808
1173,808
1173,808
1173,808
1173,808
1173,808
1173,809
1173,809
1173,809
1173,809
1173,809
1174,809
1175,809
1175,809
1175,809
1175,809
1175,809
1176,809
1176,809
1177,809
1177,809
1177,809
1177,809
1178,809
1178,809
1178,809
1178,809
1178,809
1178,809
1178,809
1178,809
1178,809
1178,809
1179,809
1179,809
1180,809
1180,809
1180,809
1180,809
1180,809
1180,809
1181,809
1182,809
1182,809
1182,809
1182,809
1182,810
1182,810
1182,810
1182,810
1182,810
1182,810
1183,810
1183,810
1183,810
1183,811
1184,811
1184,811
1184,811
1184,811
1185,811
1185,811
1185,811
1185,811
1185,811
1185,811
1185,811
1186,811
1186,811
1186,811
1186,811
1186,811
1186,811
1186,811
1186,811
1186,811
1187,811
1187,811
1188,811
1188,811
1188,811
1188,812
1188,812
1188,813
1188,813
1188,814
1188,814
1188,814
1188,814
1188,814
1188,814
1188,814
1188,814
1188,814
1188,814
1188,814
1188,814
1188,814
1188,814
1188,814
1188,814
1189,814
1189,814
1189,814
1189,814
1190,814
1190,814
1190,814
1190,815
1190,815
1190,816
1190,816
1190,816
1191,816
1191,816
1192,816
1192,816
1192,816
1192,816
1192,816
1192,816
1192,816
1192,817
1192,817
1193,817
1194,817
1194,817
1194,817
1194,817
1194,817
1195,817
1195,817
1195,817
1195,817
1195,817
1195,817
1195,817
1195,817
1195,817
1195,817
1195,817
1195,817
1196,817
1196,817
1196,817
1196,818
1196,818
1196,818
1196,818
1196,818
1196,818
1197,818
1197,818
1197,818
1197,818
1197,818
1197,818
1198,818
1198,818
1199,818
1199,818
1200,818
1200,819
1200,819
1200,819
1200,819
1200,819
1200,819
1200,820
1200,820
1200,820
1201,820
1201,820
1201,820
1201,820
1202,820
1202,821
1203,821
1203,822
1203,822
1203,822
1203,823
1203,823
1203,824
1203,824
1203,824
1203,824
1203,824
1203,824
1203,824
1203,824
1203,824
1203,824
1203,824
1204,824
1204,824
1205,824
1205,824
1205,824
1206,824
1206,824
1207,824
1207,824
1207,824
1207,824
1207,824
1208,824
1208,824
1208,825
1208,825
1208,825
1208,826
1208,826
1209,826
1209,826
1209,826
1209,826
1209,827
1209,828
1209,828
1209,828
1209,828
1209,828
1209,828
1209,828
1209,828
1209,828
1210,828
1211,828
1211,828
1212,828
1213,828
1213,828
1214,828
1214,828
1214,828
1214,828
1214,828
1214,829
1214,829
1214,829
1214,830
1214,830
1214,830
1214,830
1214,830
1214,830
1214,830
1214,830
1214,830
1214,830
1215,830
1215,830
1216,830
1217,830
1217,830
1217,831
1217,831
1217,831
1217,831
1217,832
1218,832
1218,832
1218,832
1219,832
1220,832
1220,832
1220,833
1220,833
1220,833
1220,833
1220,833
1220,834
1220,834
1220,834
1221,834
1221,834
1221,834
1221,834
1222,834
1222,834
1223,834
1224,834
1225,834
1226,834
1226,834
1226,834
1226,834
1227,834
1227,834
1228,834
1228,834
1228,834
1229,834
1229,834
1230,834
1230,834
1230,834
1230,834
1230,834
1230,834
1230,835
1231,835
1231,835
1231,835
1231,835
1232,835
1232,835
1232,835
1232,835
1232,835
1232,835
1232,835
1232,835
1232,836
1233,836
1234,836
1234,836
1234,836
1234,836
1234,836
1234,836
1234,836
1235,836
1236,836
1236,836
1236,836
1236,836
1237,836
1238,836
1238,836
1238,836
1238,836
1238,836
1238,836
1238,836
1239,836
1239,837
1239,837
1239,837
1240,837
1240,837
1240,837
1240,837
1240,837
1241,837
1241,838
1241,839
1241,839
1241,839
1242,839
1243,839
1243,839
1244,839
1244,840
1244,840
1245,840
1245,840
1245,840
1245,840
1245,840
1246,840
1246,840
1246,840
1246,840
1246,840
1246,840
1246,840
1246,840
1246,840
1246,840
1246,840
1246,840
1246,840
1246,840
1246,841
1246,841
1247,841
1248,841
1248,841
1248,841
1248,841
1248,841
1248,842
1248,842
1248,842
1248,842
1248,842
1248,842
1248,842
1249,842
1249,843
1249,844
1249,844
1249,844
1249,844
1249,844
1249,844
1249,844
1249,844
1249,844
1249,844
1249,845
1249,845
1249,845
1250,845
1251,845
1251,846
1251,846
1252,846
1252,846
1252,846
1252,846
1252,846
1252,846
1253,846
1253,846
1253,846
1254,846
1254,846
1254,846
1254,846
1254,846
1254,846
1254,847
1254,847
1255,847
1255,847
1255,848
1255,849
1255,849
1255,849
1256,849
1256,849
1257,849
1257,849
1257,849
1258,849
1259,849
1259,850
1260,850
1260,850
1260,850
1260,850
1260,850
1260,851
1260,851
1261,851
1261,851
1261,851
1261,851
1261,851
1262,851
1263,851
1263,851
1263,851
1263,852
1263,852
1263,852
1263,852
1263,853
1263,853
1263,853
1263,853
1263,853
1263,853
1264,853
1265,853
1266,853
1266,853
1266,854
1266,854
1266,854
1266,854
1267,854
1267,854
1267,854
1267,854
1267,854
1267,854
1268,854
1268,855
1268,855
1268,856
1269,856
1269,856
1269,856
1269,856
1269,856
1270,856
1270,856
1270,856
1271,856
1271,856
1271,856
1271,856
1271,856
1271,856
1271,857
1271,858
1271,858
1271,859
1271,859
1271,859
1271,860
1271,860
1271,860
1271,860
1271,860
1271,860
1271,860
1271,860
1272,860
1272,860
1272,860
1272,861
1272,862
1272,862
1272,862
1272,862
1272,862
1272,862
1272,862
1272,862
1272,862
1272,862
1273,862
1273,862
1273,862
1274,862
1274,862
1274,862
1274,862
1274,862
1275,862
1275,862
1275,862
1275,862
1275,862
1275,862
1275,862
1275,863
1275,863
1276,863
1276,863
1276,863
1276,863
1276,863
1276,863
1276,863
1276,863
1276,863
1277,863
1277,863
1277,863
1277,863
1277,863
1278,863
1278,864
1278,864
1278,864
1278,864
1279,864
1279,864
1279,864
1279,864
1280,864
1280,864
1280,864
1280,865
1280,865
1280,865
1280,865
1281,865
1281,865
1281,865
1281,865
1282,865
1282,865
1282,865
1283,865
1283,865
1283,865
1283,865
1283,865
1283,865
1283,865
1284,865
1284,865
1284,866
1284,867
1284,867
1284,867
1284,867
1285,867
1285,867
1285,867
1285,867
1285,867
1285,867
1285,867
1285,867
1285,867
1285,867
1285,867
1285,867
1286,867
1286,867
1286,867
1287,867
1287,867
1287,868
1288,868
1288,868
1288,868
1288,868
1288,868
1288,868
1288,868
1288,868
1288,868
1289,868
1289,868
1289,868
1289,868
1289,868
1289,869
1290,869
1291,869
1291,869
1291,869
1291,869
1291,869
1291,869
1291,869
1291,869
1291,869
1291,869
1291,869
1291,869
1291,870
1291,870
1291,870
1292,870
1292,870
1292,870
1292,870
1292,871
1292,871
1293,871
1293,871
1293,871
1293,871
1293,871
1293,871
1293,871
1294,871
1294,871
1294,871
1294,871
1294,871
1294,871
1294,871
1295,871
1295,871
1295,872
1295,872
1295,872
1296,872
1296,873
1297,873
1297,873
1297,874
1297,875
1298,875
1298,875
1298,875
1298,875
1298,875
1298,875
1298,876
1298,876
1298,876
1298,877
1298,877
1299,877
1299,878
1299,878
1299,878
1299,878
1299,878
1299,878
1299,878
1299,878
1299,878
1299,878
1299,879
1300,879
1300,879
1300,879
1300,880
1300,880
1300,880
1300,880
1301,880
1301,880
1302,880
1302,880
1302,880
1302,880
1302,880
1302,881
1302,881
1302,882
1302,882
1302,882
1302,883
1302,883
1302,883
1303,883
1304,883
1304,883
1304,883
1305,883
1305,883
1305,883
1305,884
1305,884
1305,884
1305,884
1305,884
1305,884
1305,884
1305,884
1305,884
1305,884
1305,884
1306,884
1306,885
1306,885
1307,885
1307,885
1308,885
1309,885
1309,886
1309,886
1309,886
1309,886
1310,886
1311,886
1311,886
1312,886
1312,886
1312,886
1312,886
1313,886
1314,886
1314,887
1314,887
1314,887
1314,887
1314,888
1314,888
1315,888
1316,888
1316,888
1316,888
1316,888
1316,888
1316,888
1316,888
1316,888
1316,889
1316,890
1316,890
1316,890
1316,891
1316,891
1317,891
1317,891
1317,891
1317,892
1317,892
1317,892
1317,892
1317,893
1317,894
1318,894
1319,894
1319,894
1319,894
1319,894
1319,894
1319,894
1319,894
1320,894
1320,894
1320,894
1320,894
1320,894
1320,894
1320,894
1320,894
1321,894
1321,894
1321,894
1321,895
1321,895
1322,895
1322,896
1322,896
1322,896
1322,896
1322,896
1322,896
1322,896
1322,896
1323,896
1323,896
1323,896
1324,896
1324,896
1324,896
1324,896
1324,897
1324,898
1324,898
1324,898
1324,898
1324,898
1324,898
1324,898
1324,898
1324,898
1324,898
1325,898
1325,898
1325,898
1326,898
1327,898
1327,898
1327,898
1328,898
1328,898
1328,898
1328,899
1328,899
1328,899
1328,899
1328,899
1328,899
1328,900
1328,900
1329,900
1330,900
1330,900
1330,900
1330,901
1330,901
1331,901
1332,901
1332,901
1332,901
1332,901
1332,901
1332,901
1333,901
1333,901
1333,901
1333,901
1333,901
1334,901
1334,902
1334,902
1335,902
1335,902
1335,902
1335,902
1335,902
1335,902
1336,902
1336,902
1336,902
1336,902
1336,902
1336,902
1336,902
1336,902
1336,902
1336,902
1336,902
1336,903
1336,903
1337,903
1337,903
1337,903
1337,904
1337,904
1337,904
1337,904
1338,904
1338,904
1339,904
1339,904
1339,904
1339,904
1339,904
1339,904
1339,904
1339,904
1339,904
1339,904
1339,904
1339,904
1339,904
1339,904
1339,905
1340,905
1340,905
1340,905
1340,905
1340,905
1340,905
1340,905
1340,906
1340,906
1340,906
1340,906
1340,906
1340,906
1340,906
1340,906
1340,906
1340,906
1340,906
1340,906
1340,907
1340,908
1340,908
1340,909
1340,909
1340,909
1340,909
1340,910
1340,910
1340,910
1340,910
1341,910
1341,911
1341,911
1341,911
1342,911
1342,911
1342,912
1342,912
1343,912
1343,912
1343,912
1343,912
1343,912
1343,912
1343,913
1343,913
1343,913
1343,913
1343,913
1344,913
1344,913
1344,913
1344,913
1344,913
1344,913
1344,913
1344,913
1344,913
1345,913
1345,913
1345,913
1345,913
1345,913
1346,913
1346,913
1346,913
1347,913
1347,913
1347,913
1347,914
1347,914
1347,914
1347,914
1347,914
1347,914
1348,914
1348,914
1348,914
1348,914
1349,914
1349,914
1349,914
1349,914
1349,914
1349,914
1349,914
1349,914
1349,914
1349,914
1349,914
1349,914
1349,914
1349,914
1349,914
1349,914
1349,914
1349,914
1349,914
1349,914
1349,914
1349,914
1349,914
1349,914
1349,914
1350,914
1350,914
1350,914
1350,914
1350,915
1350,915
1351,915
1351,915
1352,915
1352,916
1352,916
1353,916
1353,916
1353,916
1353,916
1353,916
1353,916
1353,917
1354,917
1354,917
1354,917
1354,917
1354,917
1354,917
1355,917
1355,917
1355,917
1355,917
1356,917
1356,917
1356,917
1356,917
1356,917
1356,917
1356,917
1356,917
1356,917
1357,917
1357,917
1357,917
1357,917
1357,917
1357,917
1357,917
1357,917
1357,917
1357,917
1357,917
1357,917
1358,917
1358,917
1359,917
1359,917
1359,917
1359,917
1359,917
1359,917
1359,917
1359,917
1360,917
1361,917
1361,917
1362,917
1362,917
1363,917
1363,917
1363,917
1363,917
1363,917
1363,917
1363,917
1363,917
1363,917
1363,917
1363,917
1363,917
1363,917
1363,917
1363,917
1363,917
1363,917
1363,917
1363,917
1364,917
1364,917
1365,917
1365,918
1366,918
1367,918
1367,918
1367,918
1367,918
1367,918
1367,918
1367,918
1367,918
1367,918
1367,918
1367,918
1367,918
1367,918
1367,918
1367,918
1367,918
1368,918
1368,919
1368,919
1368,919
1368,919
1369,919
1370,919
1370,919
1370,919
1370,919
1371,919
1371,919
1371,919
1371,919
1371,920
1372,920
1372,920
1372,920
1372,920
1373,920
1373,920
1373,921
1373,921
1373,921
1373,921
1373,922
1374,922
1374,922
1374,923
1375,923
1375,923
1376,923
1377,923
1378,923
1378,923
1378,923
1378,923
1378,923
1378,923
1378,923
1378,924
1378,925
1378,925
1378,925
1378,925
1378,925
1379,925
1379,926
1380,926
1380,926
1380,926
1380,926
1380,926
1380,926
1380,926
1380,926
1380,926
1380,926
1380,926
1380,927
1380,927
1380,927
1380,928
1380,928
1381,928
1382,928
1382,928
1382,928
1382,928
1382,928
1382,929
1382,929
1382,929
1382,929
1382,930
1383,930
1384,930
1384,930
1385,930
1385,931
1386,931
1386,931
1386,931
1386,932
1386,932
1387,932
1387,932
1387,932
1387,932
1388,932
1389,932
1390,932
1390,932
1390,932
1390,932
1391,932
1391,932
1391,932
1391,932
1391,932
1391,932
1391,932
1391,932
1391,932
1391,932
1391,932
1391,932
1391,932
1391,932
1391,932
1391,932
1392,932
1392,932
1392,932
1392,932
1392,932
1392,933
1392,933
1392,933
1392,933
1392,933
1393,933
1393,933
1393,934
1393,934
1393,934
1393,934
1393,934
1393,934
1393,934
1393,934
1393,934
1393,935
1393,936
1393,936
1394,936
1394,936
1394,936
1394,936
1395,936
1395,936
1395,936
1395,936
1395,936
1395,936
1395,936
1395,936
1395,936
1395,937
1395,937
1395,937
1395,937
1396,937
1397,937
1398,937
1398,937
1398,937
1399,937
1399,937
1399,937
1399,937
1400,937
1400,937
1400,937
1400,937
1401,937
1401,938
1402,938
1402,938
1403,938
1403,938
1403,938
1403,938
1403,938
1403,938
1403,938
1403,938
1403,939
1404,939
1404,939
1405,939
1406,939
1406,939
1406,939
1406,940
1406,940
1406,940
1406,940
1406,940
1406,940
1406,940
1406,940
1406,940
1406,940
1407,940
1407,940
1408,940
1408,940
1408,940
1408,941
1408,941
1408,941
1408,941
1408,941
1409,941
1410,941
1411,941
1411,941
1411,941
1412,941
1412,942
1413,942
1413,942
1413,942
1413,942
1413,942
1413,942
1413,942
1413,942
1413,942
1413,942
1413,942
1413,943
1413,943
1413,943
1413,943
1413,943
1414,943
1414,943
1414,943
1414,943
1414,943
1414,943
1414,943
1414,943
1415,943
1415,943
1415,943
1415,943
1415,943
1416,943
1416,943
1416,943
1416,944
1417,944
1417,945
1418,945
1418,945
1418,945
1418,945
1418,946
1418,946
1418,946
1418,946
1418,946
1418,946
1418,946
1418,946
1418,946
1418,946
1419,946
1419,946
1419,946
1420,946
1420,946
1420,946
1420,946
1420,947
1420,947
1421,947
1421,947
1421,947
1421,947
1421,947
1421,947
1421,947
1422,947
1422,947
1423,947
1423,947
1423,948
1423,948
1424,948
1424,948
1424,948
1424,948
1424,948
1425,948
1425,948
1426,948
1426,948
1427,948
1427,948
1427,948
1427,948
1427,948
1428,948
1428,949
1428,949
1428,950
1428,950
1428,950
1428,950
1428,950
1428,951
1428,951
1428,951
1428,951
1428,951
1429,951
1429,951
1430,951
1430,951
1430,951
1430,951
1431,951
1431,951
1431,951
1431,951
1432,951
1432,951
1432,952
1432,952
1433,952
1433,952
1433,952
1433,952
1433,952
1434,952
1434,952
1434,952
1434,952
1434,952
1434,952
1435,952
1435,952
1435,952
1435,952
1435,953
1435,953
1435,953
1435,953
1435,953
1435,953
1435,953
1435,953
1435,953
1435,953
1435,953
1435,953
1436,953
1436,953
1436,953
1436,953
1436,953
1436,953
1437,953
1437,953
1437,953
1438,953
1439,953
1439,953
1439,953
1439,953
1439,953
1439,954
1439,954
1439,955
1439,955
1439,955
1439,955
1439,955
1440,955
1440,955
1440,955
1440,955
1440,956
1440,956
1441,956
1441,956
1441,956
1442,956
1442,956
1442,956
1442,956
1442,957
1442,957
1442,957
1442,957
1442,957
1442,957
1442,957
1442,957
1442,957
1442,957
1442,957
1442,957
1442,957
1442,957
1442,957
1442,957
1442,957
1442,957
1443,957
1444,957
1444,957
1444,957
1444,958
1444,958
1444,958
1444,959
1444,959
1445,959
1445,959
1445,959
1445,959
1445,959
1445,959
1446,959
1446,960
1446,960
1447,960
1447,960
1447,960
1447,960
1447,960
1447,960
1448,960
1448,960
1448,960
1448,960
1449,960
1449,960
1449,960
